term,coef_country_cluster,se_country_cluster,p_country_cluster,coef_entity_cluster,se_entity_cluster,p_entity_cluster,coef_driscoll_kraay,se_driscoll_kraay,p_driscoll_kraay,p_wild_cluster,ci95_low_country_cluster,ci95_high_country_cluster
ln_robots_lag1,0.004560350015914802,0.0068797949390507025,0.5074193708040522,0.004560350015914802,0.005975087637637932,0.4453278491593027,0.00456035001591429,0.0015061453589574815,0.0024913313217600486,0.5628140703517588,-0.008924048064624575,0.018044748096454177
ln_robots_lag1:coord_pre_c,0.012445204861055492,0.0053456551576608,0.01990694239769157,0.012445204861055492,0.004655858444315538,0.007517166648031754,0.012445204861052188,0.0013515612797916836,0.0,0.15577889447236182,0.001967720752040325,0.02292268897007066
ln_va_wiod_qi,0.12732081281599822,0.02591565280268581,8.974254864187742e-07,0.12732081281599822,0.029971381922650975,2.1561089780981822e-05,0.12732081281599264,0.017544118852514626,5.426770144367765e-13,,0.07652613332273403,0.1781154923092624
ln_k_wiod,0.294526828024628,0.07232447453543181,4.65515257493531e-05,0.294526828024628,0.056665531648170585,2.0183846688488776e-07,0.29452682802462965,0.03740579476366991,5.329070518200751e-15,,0.15277085793518164,0.43628279811407433
gdp_growth,0.24730058236172514,0.2344303785357708,0.29147110901088735,0.24730058236172514,0.16180784583398847,0.12642326767322565,0.24730058236163807,0.19974697377726455,0.21582042394302192,,-0.21218295956838562,0.7067841242918359
