term,coef_country_cluster,se_country_cluster,p_country_cluster,coef_entity_cluster,se_entity_cluster,p_entity_cluster,coef_driscoll_kraay,se_driscoll_kraay,p_driscoll_kraay,p_wild_cluster,ci95_low_country_cluster,ci95_high_country_cluster
ln_robots_lag1,0.00793853255640442,0.006833518284606273,0.2453553022762165,0.00793853255640442,0.005948696991207604,0.18204024386738882,0.007938532556411564,0.0026899220136190954,0.003200164890760915,0.25225225225225223,-0.0054551632814238745,0.021332228394232718
ln_robots_lag1:ud_pre_c,-3.1603754834534994e-05,0.00041120743441477723,0.938738108122449,-3.1603754834534994e-05,0.00028431756969275133,0.911492220948342,-3.160375483444497e-05,8.524868833712627e-05,0.7108801331889116,0.954954954954955,-0.0008375703262874984,0.0007743628166184284
