term,coef_country_cluster,se_country_cluster,p_country_cluster,coef_entity_cluster,se_entity_cluster,p_entity_cluster,coef_driscoll_kraay,se_driscoll_kraay,p_driscoll_kraay,p_wild_cluster,ci95_low_country_cluster,ci95_high_country_cluster
ln_robots_lag1,0.007077519916752567,0.007410930084302981,0.3395721229182014,0.007077519916752567,0.006139973444101847,0.24903537859067326,0.0070775199167426965,0.0035159379012058524,0.044261610331140844,0.4371859296482412,-0.007447903048481275,0.021602942881986407
ln_robots_lag1:ud_pre_c,-0.00010613002592926033,0.00040698005738465,0.7942664008757068,-0.00010613002592926033,0.00028732303389657443,0.7118480213740219,-0.00010613002592935426,0.00011933282468760121,0.3739248067361811,0.8391959798994975,-0.0009038109384031744,0.0006915508865446537
