term,coef_country_cluster,se_country_cluster,p_country_cluster,coef_entity_cluster,se_entity_cluster,p_entity_cluster,coef_driscoll_kraay,se_driscoll_kraay,p_driscoll_kraay,p_wild_cluster,ci95_low_country_cluster,ci95_high_country_cluster
ln_robots_lag1,0.005711212248064548,0.011564009346574445,0.6213921935453923,0.005711212248064548,0.008275858606309479,0.4901280949213638,0.005711212248064683,0.004585168032119572,0.21312934082765866,0.678391959798995,-0.01695424607122136,0.028376670567350458
ln_robots_lag1:adjcov_pre_c,0.0006062617728131766,0.0005353757303109531,0.25746450284308664,0.0006062617728131766,0.0005487504029463842,0.2692444221614041,0.0006062617728132144,0.0004598690429931138,0.18761085752104645,0.2562814070351759,-0.00044307465859629155,0.0016555982042226448
