term,coef_country_cluster,se_country_cluster,p_country_cluster,coef_entity_cluster,se_entity_cluster,p_entity_cluster,coef_driscoll_kraay,se_driscoll_kraay,p_driscoll_kraay,p_wild_cluster,ci95_low_country_cluster,ci95_high_country_cluster
ln_robots_lag1,0.00840135043595426,0.011373093133370052,0.4600867004829635,0.00840135043595426,0.008380671699533403,0.3161178884791619,0.008401350435954366,0.0037030494065239967,0.02342283918428567,0.4824120603015075,-0.013889912105451041,0.030692612977359562
ln_robots_lag1:adjcov_pre_c,0.0002617082515439812,0.0004075345472305794,0.520759955756336,0.0002617082515439812,0.0004394839870747976,0.5515160848450433,0.00026170825154318486,0.00020583831025380297,0.20377229884232917,0.5125628140703518,-0.0005370594610279544,0.0010604759641159168
