term,coef_country_cluster,se_country_cluster,p_country_cluster,coef_entity_cluster,se_entity_cluster,p_entity_cluster,coef_driscoll_kraay,se_driscoll_kraay,p_driscoll_kraay,p_wild_cluster,ci95_low_country_cluster,ci95_high_country_cluster
ln_robots_lag1,0.009644888112456354,0.006181605323934952,0.11869934643875613,0.009644888112456354,0.005787386618609774,0.09560670521637633,0.009644888112451544,0.0026548149274643364,0.00028630927407991,0.1457286432160804,-0.002471058322456152,0.02176083454736886
ln_va_wiod_qi,0.1296487302801254,0.026010260678608333,6.211500918945917e-07,0.1296487302801254,0.03074839422278301,2.4819032226661085e-05,0.12964873028012752,0.019666222483036594,5.349232168327944e-11,,0.07866861935005308,0.18062884121019773
ln_k_wiod,0.2581280288214834,0.07066671021357042,0.000259443893678219,0.2581280288214834,0.05195171296825191,6.743301500508004e-07,0.2581280288214857,0.03973749896369797,1.0090550617292138e-10,,0.11962127680288537,0.3966347808400814
gdp_growth,0.25926531484752235,0.2185808202986491,0.2355708808299959,0.25926531484752235,0.15428041997657926,0.09286376747990847,0.25926531484753246,0.18430636177390622,0.1596491394625723,,-0.16915309293782987,0.6876837226328746
