term,coef_country_cluster,se_country_cluster,p_country_cluster,coef_entity_cluster,se_entity_cluster,p_entity_cluster,coef_driscoll_kraay,se_driscoll_kraay,p_driscoll_kraay,p_wild_cluster,ci95_low_country_cluster,ci95_high_country_cluster
ln_robots_lag1,0.00906787463520567,0.006763103748617474,0.17998995193508427,0.00906787463520567,0.005959364255614156,0.1281048787382625,0.009067874635207024,0.003411764189784958,0.00792635228702765,0.23618090452261306,-0.00418780871208458,0.02232355798249592
