term,coef_country_cluster,se_country_cluster,p_country_cluster,coef_entity_cluster,se_entity_cluster,p_entity_cluster,coef_driscoll_kraay,se_driscoll_kraay,p_driscoll_kraay,p_wild_cluster,ci95_low_country_cluster,ci95_high_country_cluster
ln_robots_lag1,0.004262178938335498,0.007105596433394185,0.5486168146110869,0.004262178938335498,0.00643704174656007,0.5078858713988702,0.004262178938335018,0.0015143407682376008,0.004929984625834605,0.5655655655655656,-0.009664790071117103,0.0181891479477881
ln_robots_lag1:coord_pre_c,0.011660094150192167,0.007991937373335551,0.1445700145397433,0.011660094150192167,0.006073487780922228,0.05487874986043815,0.011660094150197932,0.0016814498891114715,5.398570479542286e-12,0.4724724724724725,-0.0040041031015455135,0.027324291401929848
ln_robots_lag1:ud_pre_c,-5.988011923623721e-06,0.00036330097553172533,0.9868496748677609,-5.988011923623721e-06,0.00035310780859329775,0.9864701001665481,-5.98801192404144e-06,0.00015411348324336125,0.9690100207360406,0.983983983983984,-0.0007180579239658054,0.0007060819001185579
ln_robots_lag1:coord_pre_c:ud_pre_c,-0.0004114320059101541,0.0004924251736396678,0.4034239339344161,-0.0004114320059101541,0.0003897593034709075,0.29114855569955156,-0.00041143200591000674,0.00015538745169441806,0.008162541434102,0.5435435435435435,-0.001376585346243903,0.0005537213344235947
