term,coef_country_cluster,se_country_cluster,p_country_cluster,coef_entity_cluster,se_entity_cluster,p_entity_cluster,coef_driscoll_kraay,se_driscoll_kraay,p_driscoll_kraay,p_wild_cluster,ci95_low_country_cluster,ci95_high_country_cluster
ln_robots_lag1,0.00793853255640442,0.006833518284606273,0.2453553022762165,0.00793853255640442,0.005948696991207604,0.18204024386738882,0.007938532556411564,0.0026899220136190954,0.003200164890760915,0.25225225225225223,-0.0054551632814238745,0.021332228394232718
ln_robots_lag1:ud_pre_c,-3.1603754834534994e-05,0.00041120743441477723,0.938738108122449,-3.1603754834534994e-05,0.00028431756969275133,0.911492220948342,-3.160375483444497e-05,8.524868833712627e-05,0.7108801331889116,0.954954954954955,-0.0008375703262874984,0.0007743628166184284
ln_va_wiod_qi,0.1307115295613035,0.026971264635704525,1.2576906178815163e-06,0.1307115295613035,0.031797050360548716,3.942790779249367e-05,0.1307115295613029,0.01863582586675415,3.106626067506113e-12,,0.07784785087532263,0.18357520824728435
ln_k_wiod,0.308467301766538,0.08225288472188903,0.0001766718818470538,0.308467301766538,0.060356203671834564,3.208307692117932e-07,0.30846730176653225,0.04084129466287952,6.306066779870889e-14,,0.1472516477116355,0.46968295582144054
gdp_growth,0.31910273305189785,0.24623882277809864,0.19500736086683745,0.31910273305189785,0.16995231304929578,0.060435688196966,0.31910273305174264,0.21274638703026164,0.13378445128764005,,-0.1635253595931755,0.8017308256969712
