term,coef_country_cluster,se_country_cluster,p_country_cluster,coef_entity_cluster,se_entity_cluster,p_entity_cluster,coef_driscoll_kraay,se_driscoll_kraay,p_driscoll_kraay,p_wild_cluster,ci95_low_country_cluster,ci95_high_country_cluster
ln_robots_lag1,0.009644888112454883,0.006181605323934945,0.11869934643881193,0.009644888112454883,0.005787386618609713,0.09560670521642337,0.009644888112451538,0.0026548149274643364,0.00028630927407991,0.12612612612612611,-0.0024710583224576074,0.021760834547367373
