term,coef_country_cluster,se_country_cluster,p_country_cluster,coef_entity_cluster,se_entity_cluster,p_entity_cluster,coef_driscoll_kraay,se_driscoll_kraay,p_driscoll_kraay,p_wild_cluster,ci95_low_country_cluster,ci95_high_country_cluster
ln_robots_lag1,0.007938532556407724,0.00683351828460598,0.24535530227599978,0.007938532556407724,0.005948696991207662,0.1820402438672113,0.007938532556411547,0.0026899220136190924,0.003200164890760915,0.25225225225225223,-0.005455163281419996,0.021332228394235445
ln_robots_lag1:ud_pre_c,-3.160375483461696e-05,0.0004112074344147547,0.9387381081222871,-3.160375483461696e-05,0.0002843175696927479,0.9114922209481123,-3.160375483444514e-05,8.52486883371245e-05,0.7108801331889048,0.954954954954955,-0.0008375703262875361,0.0007743628166183022
