term,coef_country_cluster,se_country_cluster,p_country_cluster,coef_entity_cluster,se_entity_cluster,p_entity_cluster,coef_driscoll_kraay,se_driscoll_kraay,p_driscoll_kraay,p_wild_cluster,ci95_low_country_cluster,ci95_high_country_cluster
ln_robots_lag1,0.007938532556407724,0.00683351828460598,0.24535530227599978,0.007938532556407724,0.005948696991207662,0.1820402438672113,0.007938532556411547,0.0026899220136190924,0.003200164890760915,0.25225225225225223,-0.005455163281419996,0.021332228394235445
ln_robots_lag1:ud_pre_c,-3.160375483461696e-05,0.0004112074344147547,0.9387381081222871,-3.160375483461696e-05,0.0002843175696927479,0.9114922209481123,-3.160375483444514e-05,8.52486883371245e-05,0.7108801331889048,0.954954954954955,-0.0008375703262875361,0.0007743628166183022
ln_va_wiod_qi,0.13071152956130674,0.02697126463570453,1.257690617880757e-06,0.13071152956130674,0.03179705036054855,3.942790779247265e-05,0.1307115295613029,0.018635825866754146,3.106626067506113e-12,,0.07784785087532586,0.18357520824728762
ln_k_wiod,0.30846730176651593,0.08225288472188653,0.00017667188184716283,0.30846730176651593,0.06035620367183316,3.208307692122122e-07,0.3084673017665324,0.04084129466287957,6.306066779870889e-14,,0.14725164771161833,0.4696829558214135
gdp_growth,0.3191027330517704,0.2462388227780984,0.1950073608670153,0.3191027330517704,0.16995231304929703,0.0604356881970705,0.31910273305174264,0.2127463870302612,0.13378445128763938,,-0.16352535959330244,0.8017308256968432
