term,coef_country_cluster,se_country_cluster,p_country_cluster,coef_entity_cluster,se_entity_cluster,p_entity_cluster,coef_driscoll_kraay,se_driscoll_kraay,p_driscoll_kraay,p_wild_cluster,ci95_low_country_cluster,ci95_high_country_cluster
ln_robots_lag1,0.00146827355734222,0.007424411390720426,0.8432305290376211,0.00146827355734222,0.006135049302313316,0.8108532170161539,0.0014682735573411927,0.0024592839372055406,0.5505586739789863,0.8492462311557789,-0.013083572768469815,0.016020119883154257
ln_robots_lag1:coord_pre_c,0.012752833875584568,0.004425741475278286,0.003957702612087193,0.012752833875584568,0.004566428062351035,0.005226412101882919,0.012752833875584043,0.0017492753505565682,4.565237077258644e-13,0.09547738693467336,0.004078380584039127,0.021427287167130007
