term,coef_country_cluster,se_country_cluster,p_country_cluster,coef_entity_cluster,se_entity_cluster,p_entity_cluster,coef_driscoll_kraay,se_driscoll_kraay,p_driscoll_kraay,p_wild_cluster,ci95_low_country_cluster,ci95_high_country_cluster
ln_robots_lag1,0.004262178938335498,0.007105596433394185,0.5486168146110869,0.004262178938335498,0.00643704174656007,0.5078858713988702,0.004262178938335018,0.0015143407682376008,0.004929984625834605,0.5577889447236181,-0.009664790071117103,0.0181891479477881
ln_robots_lag1:coord_pre_c,0.011660094150192167,0.007991937373335551,0.1445700145397433,0.011660094150192167,0.006073487780922228,0.05487874986043815,0.011660094150197932,0.0016814498891114715,5.398570479542286e-12,0.46733668341708545,-0.0040041031015455135,0.027324291401929848
ln_robots_lag1:ud_pre_c,-5.988011923623721e-06,0.00036330097553172533,0.9868496748677609,-5.988011923623721e-06,0.00035310780859329775,0.9864701001665481,-5.98801192404144e-06,0.00015411348324336125,0.9690100207360406,0.9798994974874372,-0.0007180579239658054,0.0007060819001185579
ln_robots_lag1:coord_pre_c:ud_pre_c,-0.0004114320059101541,0.0004924251736396678,0.4034239339344161,-0.0004114320059101541,0.0003897593034709075,0.29114855569955156,-0.00041143200591000674,0.00015538745169441806,0.008162541434102,0.5326633165829145,-0.001376585346243903,0.0005537213344235947
ln_va_wiod_qi,0.12732002261887476,0.025820742357550535,8.184312344046927e-07,0.12732002261887476,0.030876247123843126,3.730630591153713e-05,0.12732002261887224,0.01709053925239453,1.3566925360919413e-13,,0.07671136759807572,0.1779286776396738
ln_k_wiod,0.3230253624067094,0.07991100720251484,5.2926350895326055e-05,0.3230253624067094,0.060258412313103575,8.291462616203229e-08,0.32302536240669794,0.04050348745656711,2.4424906541753444e-15,,0.16639978828978033,0.47965093652363855
gdp_growth,0.29417652507109704,0.24077640856245647,0.2217896953645334,0.29417652507109704,0.16764027519538302,0.07929212510791614,0.2941765250711402,0.18997742908099993,0.12165646074831193,,-0.17774523571131762,0.7660982858535117
