term,coef_country_cluster,se_country_cluster,p_country_cluster,coef_entity_cluster,se_entity_cluster,p_entity_cluster,coef_driscoll_kraay,se_driscoll_kraay,p_driscoll_kraay,p_wild_cluster,ci95_low_country_cluster,ci95_high_country_cluster
ln_robots_lag1,0.004631206665500487,0.007666535636612526,0.5457899512229454,0.004631206665500487,0.006733964687388174,0.49161748077180223,0.004631206665495094,0.002001956664260283,0.02081359214896783,0.5226130653266332,-0.010395203182260063,0.019657616513261037
ln_robots_lag1:coord_pre_c,0.008792497252811171,0.00700807832158685,0.20961559792342066,0.008792497252811171,0.0060425427994115705,0.14564188952694399,0.008792497252813062,0.0013431526581248754,7.631917320338744e-11,0.5678391959798995,-0.004943336257499055,0.0225283307631214
ln_robots_lag1:ud_pre_c,4.780475672347753e-05,0.00038608087056939415,0.9014573379490021,4.780475672347753e-05,0.0003711242195274379,0.8975074680763938,4.7804756724401956e-05,0.00016288548496251555,0.7691830698098108,0.8894472361809045,-0.000708913749592535,0.0008045232630394901
ln_robots_lag1:coord_pre_c:ud_pre_c,-0.0005544248516530159,0.00046128012843904255,0.22939197147132162,-0.0005544248516530159,0.0003909096606925289,0.1561049287740897,-0.0005544248516530793,0.00015669554943059191,0.0004128025655847356,0.4020100502512563,-0.0014585339033935394,0.0003496842000875075
