review_order,comparison_id,title,term,n_countries,n_entities,n_observations,years,coef_country_cluster,se_country_cluster,p_country_cluster,p_wild_cluster,delta_vs_eq2_full_coef,delta_vs_eq2_full_p_wild,delta_vs_eq2b_coord_term_coef,delta_vs_eq2b_coord_term_p_wild
1,EQ2_COORD_FULL,WIOD Eq. 2 coordination moderation (23-country full sample),ln_robots_lag1:coord_pre_c,23,226,2212,2001-2014,0.0107673067479827,0.0046052005538096,0.0193833300998326,0.1206030150753768,0.0,0.0,0.001974809495171599,-0.4472361809045227
2,EQ2_COORD_EQ2B_SAMPLE,WIOD Eq. 2 coordination moderation (exact Eq. 2b sample),ln_robots_lag1:coord_pre_c,21,206,2068,2001-2014,0.012752833875584568,0.004425741475278286,0.003957702612087193,0.09547738693467336,0.001985527127601869,-0.025125628140703432,0.003960336622773468,-0.4723618090452262
3,EQ2B_COORD_TERM,WIOD Eq. 2b joint coord x ud moderation (coord term only),ln_robots_lag1:coord_pre_c,21,206,2068,2001-2014,0.0087924972528111,0.0070080783215868,0.2096155979234206,0.5678391959798995,-0.001974809495171599,0.4472361809045227,0.0,0.0
