term,coef_country_cluster,se_country_cluster,p_country_cluster,coef_entity_cluster,se_entity_cluster,p_entity_cluster,coef_driscoll_kraay,se_driscoll_kraay,p_driscoll_kraay,p_wild_cluster,ci95_low_country_cluster,ci95_high_country_cluster
ln_robots_lag1,0.004262178938335859,0.007105596433392674,0.5486168146109681,0.004262178938335859,0.00643704174655945,0.5078858713987935,0.004262178938335018,0.001514340768237608,0.004929984625834827,0.5655655655655656,-0.009664790071113781,0.0181891479477855
ln_robots_lag1:coord_pre_c,0.011660094150192493,0.007991937373335301,0.14457001453971954,0.011660094150192493,0.006073487780922107,0.05487874986042655,0.01166009415019793,0.0016814498891114774,5.398570479542286e-12,0.4724724724724725,-0.004004103101544698,0.027324291401929685
ln_robots_lag1:ud_pre_c,-5.988011922370383e-06,0.00036330097553175054,0.986849674870514,-5.988011922370383e-06,0.0003531078085933005,0.9864701001693799,-5.988011924041377e-06,0.00015411348324336215,0.9690100207360413,0.983983983983984,-0.0007180579239646015,0.0007060819001198607
ln_robots_lag1:coord_pre_c:ud_pre_c,-0.000411432005910874,0.0004924251736398083,0.40342393393372733,-0.000411432005910874,0.00038975930347094287,0.2911485556987511,-0.0004114320059100067,0.0001553874516944171,0.008162541434101778,0.5435435435435435,-0.0013765853462448983,0.0005537213344231502
